VTD_ID,total_pop,pop_density,prop_white,prop_Black,prop_Hispanic,prop_AIA,prop_Asian,prop_married,prop_nonfamily,prop_family_nonmarried,prop_hs_diploma,prop_some_college,prop_bachelors,prop_higher,prop_under_hs,prop_under_30k,prop_30_to_50k,prop_50_to_100k,prop_more_than_100k,D_pct_vote,Weighted_ideology
26063063011,129.5360264,5.46E-06,0.970254958,0,0.012747875,0.016997167,0,0.588888889,0.369444444,0.041666667,0,0.158677686,0.090909091,0.084297521,0.666115702,0.344444444,0.247222222,0.266666667,0.141666667,0.228571429,-0.078342857
26063063015,460.3317981,1.64E-05,0.970038216,0,0.013011788,0.016949996,0,0.587381525,0.370388245,0.04223023,0,0.15859393,0.091004646,0.08425844,0.666142985,0.344266131,0.246589231,0.267257883,0.141886756,0.215116279,0.157656977
26063063021,656.0818944,1.32E-05,0.987864078,0,0.007281553,0.004854369,0,0.696721311,0.237704918,0.06557377,0,0.137583893,0.097315436,0.033557047,0.731543624,0.209016393,0.178278689,0.461065574,0.151639344,0.183246073,-0.031272251
26063063027,634,6.77E-06,0.97318612,0,0.017350158,0.009463722,0,0.553719008,0.309917355,0.136363636,0,0.09929078,0.078014184,0.021276596,0.80141844,0.227272727,0.285123967,0.347107438,0.140495868,0.224409449,-0.142366142
26099099208,1067.006633,0.001649206,0.929709482,0.003748986,0.00187455,0,0.031864947,0.710212853,0.247031406,0.042755741,0,0.152116735,0.249999873,0.18650743,0.411375962,0.168646017,0.114014338,0.315914917,0.401424728,0.344262295,-0.13212459
26125125004,1739.413722,0.000330074,0.670027704,0.232266486,0.047975685,0.010627369,0.016639986,0.308568399,0.45547911,0.235952491,0,0.185692764,0.178437811,0.067086886,0.568782539,0.144727592,0.204929154,0.401531311,0.248811944,0.522535211,-0.261536972
26125125005,3324,0.00191568,0.422382671,0.119133574,0.036401925,0.003008424,0.40944645,0.472,0.394909091,0.133090909,0,0.137516115,0.258272454,0.282337774,0.321873657,0.182545455,0.191272727,0.380363636,0.245818182,0.696407879,-0.666622248
26125125006,3740.866097,0.001796927,0.52253278,0.221213634,0.094371052,0.057798198,0.094226444,0.349400928,0.362874116,0.287724956,0.000606156,0.16913436,0.193018613,0.128293552,0.50894732,0.227208977,0.146470377,0.381672077,0.24464857,0.557729941,-0.359132828
26125125007,2843.325062,0.000444007,0.729454508,0.135954989,0.054906086,0.00449573,0.052409022,0.388803235,0.449009946,0.162186818,0,0.152080095,0.296080059,0.14911593,0.402723916,0.23442467,0.15680058,0.357156552,0.251618199,0.573626374,-0.380044505
26125125008,1710.120751,0.001919091,0.73332515,0.043284664,0.032753671,0.027483562,0.154381653,0.604843197,0.346508139,0.048648664,0,0.13344735,0.300666963,0.188344237,0.377541451,0.025850168,0.133740773,0.363220208,0.47718885,0.532646048,-0.286432417
26125125009,1726.22331,0.000665413,0.69986793,0.10933816,0.013835422,0.003221444,0.144594535,0.452002717,0.425987442,0.122009842,0,0.122803614,0.296341096,0.173537457,0.407317834,0.202438215,0.185997737,0.367242019,0.244322029,0.492805755,-0.182328417
26125125010,1966.1688,0.001774467,0.43758967,0.328192253,0.146341463,0.032639885,0.048063128,0.37691522,0.368743616,0.254341164,0.002688172,0.127956989,0.204301075,0.083870968,0.581182796,0.242083759,0.128702758,0.407558733,0.22165475,0.727831431,-0.746868745
26125125011,2855.675931,0.005363077,0.468866263,0.182741462,0.019919246,0.001204292,0.30768419,0.204773712,0.702231818,0.09299447,0,0.163970738,0.289969824,0.189205649,0.356853789,0.24379831,0.243151256,0.343164929,0.169885506,0.666280417,-0.603207995
26125125012,2423.5602,0.002998593,0.429051002,0.131659977,0.029911055,0,0.409377966,0.242359588,0.694413996,0.063226416,0,0.112440928,0.290540343,0.400554522,0.196464206,0.31037762,0.103545537,0.311238164,0.274838678,0.63622291,-0.520245743
26125125020,2241.48846,0.002631457,0.872430053,0.049068026,0.045295937,0.002997525,0.028355808,0.605789186,0.315645306,0.078565509,0,0.025886434,0.353691458,0.509672379,0.110749729,0.068129493,0.047463507,0.219010106,0.665396893,0.515106853,-0.227907332
26125125021,2262.474003,0.003041537,0.899698617,0.00030715,0.01876438,0.002694489,0.070137452,0.598944756,0.284228476,0.116826768,0.00827611,0.046745894,0.429039188,0.433504765,0.082434043,0.070661916,0.03974656,0.204325848,0.685265675,0.549820789,-0.31174319
26125125022,2125.974889,0.004651176,0.89457322,0.022914173,0.04593848,0.009407449,0.015992663,0.360958758,0.547398576,0.091642666,0,0.079143909,0.370817992,0.31976075,0.23027735,0.178757664,0.150622266,0.244327951,0.426292118,0.606571188,-0.445531171
26125125023,2290.907876,0.002485674,0.896575643,0.0446634,0.028384058,0.000953714,0.026870789,0.669364229,0.221045553,0.109590218,0,0.03174252,0.375508329,0.46783202,0.124917131,0.094855116,0.038517418,0.177564381,0.689063085,0.507703081,-0.206917017
26125125024,2082.814336,0.001696397,0.909078122,0.005945834,0.021757671,0.014248971,0.053290477,0.67344744,0.254000326,0.072552233,0,0.05300751,0.4002044,0.43907674,0.10771135,0.065058661,0.046933397,0.171622644,0.716385298,0.548788927,-0.310367474
26125125025,2420.27163,0.00481089,0.921510915,0.019693716,0.022157877,0.009543601,0.026467369,0.507063594,0.434107204,0.058829203,0,0.109605389,0.364915149,0.414336741,0.11114272,0.085609549,0.107639451,0.185245722,0.621505278,0.558823529,-0.333893717
26125125026,2917.227919,0.004896806,0.852179469,0.050769871,0.028436362,0.003561498,0.037205545,0.59376342,0.351356434,0.054880146,0,0.159148811,0.365911426,0.342537807,0.132401956,0.07932799,0.105038016,0.158487508,0.657146486,0.633378016,-0.50989561
26125125027,1794.426026,0.00388258,0.852467426,0.017457031,0.036081068,0.00251456,0.085663638,0.414012911,0.517907346,0.068079743,0,0.117835974,0.398521845,0.346005114,0.137637067,0.167044224,0.081202177,0.250319702,0.501433897,0.580236486,-0.387594172
26125125028,2488.094386,0.002795732,0.914113303,0.033969432,0.013529366,0.00401914,0.034043217,0.413929491,0.474055077,0.112015432,0,0.133949768,0.307630437,0.279827147,0.278592648,0.140692096,0.122944825,0.281941952,0.454421128,0.570707071,-0.372571717
26125125061,2346.034954,0.000559256,0.819421855,0.034198363,0.001613466,0.03189647,0.10096483,0.703101627,0.217916281,0.078982092,0,0.065910657,0.305023683,0.396968382,0.232097278,0.075731508,0.06078149,0.11657829,0.746908712,0.431623932,-0.026016382
26125125062,1662.965046,0.000451881,0.797135027,0.010084063,0.003737151,0.03618222,0.14139382,0.757465308,0.187509127,0.055025565,0,0.083289437,0.20224206,0.50924653,0.205221973,0.03719383,0.080005387,0.046675936,0.836124847,0.462385321,-0.097226606
26125125070,2033.528649,0.00309419,0.893329069,0.019008988,0.028814523,0.017844224,0.031581596,0.299077367,0.57079391,0.130128723,0,0.222923232,0.213440272,0.106134222,0.457502273,0.152278897,0.150780939,0.419838737,0.277101426,0.612588652,-0.483858821
26125125071,2110.956188,0.005044657,0.954803289,0.002904999,0.027123565,0.003317254,0.015166296,0.456764548,0.482448176,0.060787276,0,0.145639448,0.28310301,0.176371751,0.394885791,0.143827609,0.165633355,0.376955824,0.313583212,0.563620072,-0.353535618
26125125072,1902.551124,0.003816428,0.884915157,0.026748627,0.031641523,0.005630997,0.049506187,0.387616818,0.537656162,0.07472702,0,0.143842169,0.200981192,0.151298043,0.503878596,0.211376237,0.196938642,0.32539712,0.266288001,0.560574949,-0.360291838
26125125073,2745.887618,0.001991091,0.848139809,0,0.10306253,0.012017033,0.03241094,0.494522474,0.388376481,0.117101045,0,0.117911265,0.228299084,0.158054424,0.495735227,0.15585701,0.149115546,0.34119617,0.353831274,0.556306306,-0.341451764
26125125074,3999.63522,0.002896904,0.863130322,0.028224981,0.043561284,0.017475825,0.043909275,0.601215528,0.249435983,0.149348489,0,0.185879999,0.231359391,0.124279733,0.458480877,0.149342877,0.161016301,0.28048179,0.409159032,0.39389638,0.044067069
26125125075,2593.061304,0.001749179,0.955149356,0.003068713,0.026646604,0.006796491,0.007150948,0.516271858,0.36240918,0.121318962,0,0.177865474,0.231472315,0.109917442,0.48074477,0.162281123,0.074646023,0.350122477,0.412950376,0.449371766,-0.096133592
26125125076,3107.683406,0.001060683,0.809905329,0.019043438,0.032341918,0.015767372,0.121333027,0.509936632,0.415945253,0.074118116,0,0.156988617,0.322496051,0.184075347,0.336439985,0.152900859,0.122664338,0.391029268,0.333405535,0.557197943,-0.337189589
26125125077,3167.21283,0.001615829,0.956980212,5.81E-06,0.017999969,0.005683229,0.021856662,0.522873282,0.29222847,0.184898249,0,0.149499744,0.291960467,0.094948403,0.463591386,0.15232107,0.169888469,0.273992135,0.403798326,0.446938776,-0.080098129
26125125078,3037.412595,0.000653244,0.934698215,0.022171789,0.014052135,0.001103973,0.0052458,0.679156603,0.212162509,0.108680888,0,0.143626075,0.341575925,0.173076546,0.341721454,0.045611111,0.106200594,0.313336321,0.534851975,0.435662965,-0.056402351
26125125079,2350.464946,0.001544971,0.938394151,0.00375423,0.010791049,0.022111385,0.014327704,0.598936383,0.270417724,0.130645893,0,0.191925779,0.322205303,0.08933852,0.396530398,0.103457117,0.16903613,0.234776513,0.492730239,0.455801105,-0.104337707
26125125080,3504.914027,0.000594288,0.91474341,0.006111611,0.05004382,0.007059241,0.017537343,0.778760304,0.151320104,0.069919592,0,0.125611109,0.3419589,0.186743246,0.345686744,0.070391608,0.090756285,0.311017186,0.527834921,0.377764128,0.085003378
26125125081,3933.480275,0.000777798,0.90354775,0.039275976,0.004428093,0.008903576,0.037471869,0.901029532,0.062090426,0.036880043,0,0.136235153,0.342385909,0.221960529,0.299418409,0.049998292,0.033784617,0.16497751,0.751239581,0.406862745,0.032915441
26125125082,2901.519725,0.001030642,0.896396714,0.033261439,0.008816823,0.008263932,0.046391255,0.791879696,0.121781455,0.086338848,0,0.12474009,0.348385022,0.185122826,0.341752062,0.084008149,0.074631462,0.182304583,0.659055806,0.44351962,-0.068367568
26125125083,2064.963485,0.002247369,0.913349068,0.015256656,0.037402811,0.001551498,0.02788641,0.558978496,0.273486271,0.167535233,0,0.16254465,0.293217379,0.169767647,0.374470324,0.118874078,0.137354821,0.312642847,0.431128254,0.452324665,-0.098039401
26125125084,3314.227353,0.000992791,0.760216351,0.048377402,0.045072117,0.00751202,0.128605765,0.517830616,0.384101032,0.098068353,0,0.119845363,0.316580756,0.210481095,0.353092787,0.157503713,0.110698367,0.306092129,0.425705792,0.5,-0.203468317
26125125085,1916.23686,0.002641282,0.918504198,0,0.049581944,0.027734749,0.004179109,0.576316983,0.334303951,0.089379066,0,0.124649487,0.32191657,0.070930134,0.482503809,0.151035518,0.092457075,0.320141859,0.436365548,0.459589867,-0.112183052
26125125086,2856.503013,0.00058793,0.873722579,0.033553353,0.050879841,0.001830887,0.032689795,0.725419563,0.199286353,0.075294084,0,0.169669098,0.312596798,0.192421164,0.32531294,0.072075329,0.146375125,0.29734041,0.484209135,0.489130435,-0.181066746
26125125087,3168.130482,0.001282028,0.761580769,0.056927961,0.10301916,0.009320405,0.068162631,0.6109969,0.209292312,0.179710788,0,0.168124985,0.186698974,0.070919546,0.574256495,0.210209844,0.180413351,0.296676981,0.312699824,0.4969988,-0.217840636
26125125088,1018.917785,0.00146744,0.90329338,0.004494306,0.061340633,0.010213937,0.018636776,0.7481409,0.161287502,0.090571598,0,0.134257358,0.332108977,0.166055386,0.367578278,0.082900854,0.103792788,0.335339634,0.477966724,0.421501706,-0.017373507
26125125089,1551.8177,0.00461597,0.821651398,0.101140794,0.033439091,0.003046656,0.034601202,0.497268553,0.419935735,0.082795712,0,0.172883018,0.313605452,0.185245136,0.328266394,0.237007729,0.131873803,0.250317302,0.380801167,0.60828877,-0.454323529
26125125090,1405.322439,0.002401634,0.877849542,0.070964821,0.012731092,0.018991287,0.012975505,0.3752824,0.510466411,0.11425119,0,0.217926906,0.25045321,0.15635257,0.375267313,0.282960736,0.149727803,0.264464697,0.302846764,0.611336032,-0.466843117
26125125091,1642.69275,0.002585451,0.823637396,0.066616177,0.026014017,9.56E-05,0.062096446,0.393577054,0.520530371,0.085892574,0,0.167056939,0.322575476,0.108949084,0.401418502,0.217506648,0.155018274,0.323234408,0.30424067,0.615124153,-0.487697799
26125125092,1721.601264,0.003503647,0.802037404,0.152617578,0.001796653,0.00753538,0.004065982,0.529778469,0.316385379,0.153836152,0,0.188184733,0.37991382,0.130381164,0.301520283,0.106084372,0.25332377,0.30601284,0.334579018,0.672768879,-0.618412471
26125125093,2203.565845,0.003041484,0.461757642,0.109433056,0.013338009,0.010189512,0.296367405,0.548699429,0.289133707,0.162166864,0,0.157861938,0.37528811,0.247303031,0.21954692,0.187574667,0.163473382,0.363618,0.28533395,0.599734043,-0.436756981
26125125094,2065,0.001676249,0.431476998,0.112348668,0.042615012,0.008232446,0.402421308,0.525241676,0.386680988,0.088077336,0,0.085897436,0.360897436,0.412179487,0.141025641,0.129967777,0.146079484,0.357679914,0.366272825,0.61871345,-0.483422515
26125125139,3478.911677,0.000346021,0.959579522,1.42E-08,0.02702814,0.006323817,0.011092754,0.616264271,0.312394194,0.071341535,0,0.14395681,0.211955656,0.155381044,0.488706489,0.129783711,0.130001038,0.290734252,0.449480999,0.351648352,0.154414401
26125125140,2238.701828,0.000533017,0.982317329,0.003753893,0.012744988,6.30E-09,0.001183783,0.529649623,0.339334801,0.131015576,0.001640695,0.175805112,0.176895619,0.151959363,0.493699211,0.165647506,0.118524363,0.327020331,0.388807801,0.351708075,0.149746312
26125125141,2067.058818,0.000349221,0.921443424,0.006165971,0.019513773,0.041121229,0.011755602,0.422238882,0.477791556,0.099969562,0,0.204500933,0.120834526,0.064217844,0.610446697,0.333724469,0.239167067,0.290855915,0.136252549,0.400954654,0.022231504
26125125142,2645.264397,0.000257969,0.952222454,0.002269898,0.002411767,0.030242724,0.012853158,0.618970881,0.237130827,0.143898292,0,0.174940323,0.211261774,0.085773354,0.528024549,0.128970876,0.105031183,0.44130075,0.324697191,0.401342282,0.030446477
26125125143,2358.99826,0.00077495,0.976914003,0.000674723,0.015523424,0,0.006887849,0.681066801,0.221674142,0.097259058,0.001255289,0.213863504,0.210577897,0.145929911,0.428373399,0.097219856,0.109616368,0.394533178,0.398630598,0.348717949,0.157725385
26125125144,2885.999731,0.000148454,0.957726958,0.001039501,0.014899515,0,0.026334026,0.741807349,0.187686197,0.070506455,0,0.169350903,0.19033675,0.069302099,0.571010249,0.069513406,0.139026812,0.354518371,0.43694141,0.365151515,0.118768939
26125125145,2084.033152,0.000724505,0.959900059,0,0.029494813,0.00815726,0.002447868,0.603500004,0.275563771,0.120936224,0.001536954,0.177986935,0.205986361,0.086011502,0.528478248,0.110299235,0.149073324,0.386077574,0.354549867,0.366786141,0.096802867
26125125146,2215.029506,0.000419766,0.964786173,0.010047056,0.013830683,0,0.011336088,0.739398435,0.177640915,0.082960649,0,0.162256814,0.299973614,0.186328706,0.351440866,0.084513689,0.159084991,0.228499674,0.527901645,0.428712871,-0.03364505
26125125170,1100.988755,0.000359444,0.686131387,0.03715992,0.065029861,0.138022561,0.073656271,0.514851485,0.305280528,0.179867987,0,0.158474576,0.227966102,0.139830508,0.473728814,0.140264026,0.171617162,0.318481848,0.369636964,0.247572816,0.410713592
26125125173,2701.427292,0.000260063,0.965328853,0.007111117,0.015215446,0.002690079,0.00422889,0.6736356,0.216211901,0.110152499,0,0.148115435,0.289289475,0.170926701,0.391668389,0.098181917,0.082547706,0.295797151,0.523473226,0.447566827,-0.078722241
26125125174,719.3772996,0.001441583,0.91758041,0.008792284,0.016588872,0.00593005,0.051108385,0.744066176,0.177358257,0.078575567,0,0.135699683,0.32100897,0.235482847,0.3078085,0.086744739,0.069756718,0.198186445,0.645312098,0.468390805,-0.118448994
26125125175,3250.912909,0.001004821,0.935559341,0.00251329,0.049430535,1.06E-06,0.007045517,0.533732648,0.322609611,0.143657741,0.008077394,0.187805798,0.247242647,0.112841324,0.444032837,0.181148207,0.199373912,0.259656305,0.359821575,0.454117647,-0.096869216
26125125176,2504.236698,0.000729201,0.861196768,0.050864923,0.027139984,0.008574132,0.048068568,0.675705555,0.151358352,0.172936093,0,0.141571832,0.242265782,0.200522902,0.415639484,0.152332615,0.180165326,0.186647868,0.48085419,0.447897623,-0.081753199
26125125177,3241.78321,0.001259702,0.918772072,0.001831526,0.022730396,0.002991702,0.049472498,0.671663554,0.234350972,0.093985474,0,0.183981513,0.296896767,0.210087185,0.309034536,0.099369176,0.083579765,0.274327226,0.542723833,0.417940199,0.000468106
26125125178,2240.879834,0.000733848,0.887567748,0.00550826,0.032136312,0.009947091,0.059799832,0.821685288,0.128374046,0.049940666,0,0.108652109,0.327007353,0.268094014,0.296246524,0.085736255,0.068611309,0.183832189,0.661820246,0.387320192,0.075936734
26125125179,522.2079334,0.001246026,0.843390016,0,0.039495337,0.013165112,0.095447065,0.853367434,0.119352089,0.027280477,0,0.093053173,0.3567753,0.320325901,0.229845626,0.092924126,0.061381074,0.165387894,0.680306905,0.539325843,-0.287223783
26125125180,919.1354133,0.000707931,0.843390016,0,0.039495337,0.013165112,0.095447065,0.853367434,0.119352089,0.027280477,0,0.093053173,0.3567753,0.320325901,0.229845626,0.092924126,0.061381074,0.165387894,0.680306905,0.39261745,0.062937919
26125125181,2861.795672,0.000904244,0.881761813,0.003848621,0.011545863,0.00662818,0.096215523,0.716781036,0.210230817,0.072988147,0,0.139773895,0.361082563,0.282631038,0.216512504,0.09794136,0.060511541,0.185277604,0.656269495,0.481125601,-0.158064688
26125125193,2512.378659,0.000248697,0.946876458,0.028257467,0.016014386,0,0.00885169,0.671186726,0.305304439,0.023508836,0,0.142500547,0.33216272,0.107646011,0.417690722,0.20193118,0.061712271,0.259823741,0.476532808,0.394585726,0.046843929
26125125194,2451.317243,0.000436898,0.893366821,0.008557081,0.057403532,0.025700468,0.010760706,0.452731793,0.443724974,0.103543233,0,0.2176421,0.188954084,0.056018342,0.537385474,0.156274595,0.357506756,0.206714213,0.279504436,0.393258427,0.049510112
26125125195,1823.841744,0.000189104,0.900984663,0.00284402,0.014086487,0,0.076779247,0.791496458,0.133613533,0.074890008,0,0.139265895,0.31702026,0.22944316,0.314270686,0.042836393,0.123139468,0.284234104,0.549790035,0.39005439,0.067270591
26125125196,2135.349906,0.000166253,0.947684391,0.023584906,0,0,0.028730703,0.879781421,0.107923497,0.012295082,0,0.16581306,0.267605634,0.202944942,0.363636364,0.047814208,0.058743169,0.274590164,0.618852459,0.406411582,0.016286711
26125125197,1275.566792,0.000503223,0.957740467,0.009003543,0.026952365,3.19E-05,0.006271728,0.722821552,0.244398905,0.032779543,0,0.118351216,0.355239482,0.108867565,0.417541738,0.141118178,0.070586583,0.231655703,0.556639537,0.423746162,-0.012606704
26125125198,2000.674528,0.002747589,0.964012137,0.005498146,0.02449174,0,0,0.517285166,0.331279304,0.15143553,0,0.184201566,0.228968426,0.135933868,0.45089614,0.154203751,0.133326394,0.35087479,0.361595065,0.509655751,-0.225469983
26125125199,2659.659694,0.001316426,0.94862641,0.008453882,0.014306569,0.019292192,0.005419155,0.479195045,0.359583305,0.16122165,0,0.126539053,0.30913613,0.187766706,0.376558111,0.170621414,0.171926351,0.287284948,0.370167287,0.479182438,-0.15420212
26125125200,1822.211493,0.00204805,0.923554296,0.010159241,0.021912857,0.034380562,0.005809909,0.587189311,0.309173754,0.103636935,0,0.12299538,0.34757712,0.163443364,0.365984136,0.126538467,0.206899549,0.302392294,0.36416969,0.495135135,-0.186858378
26125125201,3310,0.001280064,0.950151057,0.002719033,0.027794562,0,0.02265861,0.548823949,0.300071276,0.151104775,0,0.083916084,0.334841629,0.364870424,0.216371863,0.084105488,0.081254455,0.256593015,0.578047042,0.510042283,-0.217742468
26125125202,2392.996792,0.001232978,0.786460451,0.063100546,0.013790267,0,0.136648737,0.68736658,0.258029643,0.054603778,0,0.08994424,0.314525074,0.23240212,0.363128566,0.035331858,0.068522462,0.423982651,0.472163029,0.510558069,-0.222984729
26125125203,3418.374756,0.002305798,0.612817031,0.143031332,0.01866154,0,0.225490097,0.601523597,0.30935634,0.089120063,0.000459932,0.065711486,0.388156371,0.328596918,0.217075292,0.104871276,0.098212241,0.235625514,0.56129097,0.528553299,-0.267867544
26125125204,2965.161823,0.0043532,0.468958362,0.216570838,0.027998577,0.030147382,0.249579846,0.562303702,0.308975755,0.128720542,0,0.115051443,0.2868023,0.230223791,0.367922466,0.097537866,0.137897014,0.383973666,0.380591454,0.610025489,-0.464755523
26125125205,2756.838177,0.002405614,0.712578121,0.091348278,0.031187789,0.00674981,0.158136002,0.51049664,0.414959281,0.074544079,0,0.177936416,0.326993733,0.202291894,0.292777957,0.098564068,0.124983447,0.413073879,0.363378606,0.599686028,-0.436530612
26125125206,2740,0.001061688,0.467153285,0.173357664,0.055474453,0.005109489,0.294160584,0.452196382,0.42118863,0.126614987,0,0.050206734,0.461311282,0.245717661,0.242764324,0.114556417,0.130060293,0.338501292,0.416881998,0.61341853,-0.474541534
26125125207,3164.095894,0.001115539,0.557292818,0.030380662,0.109529296,0.003307047,0.300313935,0.476022574,0.425393181,0.098584245,0,0.10033607,0.367655477,0.233940588,0.298067865,0.176268189,0.125333662,0.386165018,0.312233132,0.616861436,-0.475081386
26125125208,2774.153219,0.001033846,0.650849314,0.051141468,0.014052898,0.00363436,0.259058916,0.421551481,0.342850966,0.235597554,0,0.080085185,0.23294648,0.218567655,0.46840068,0.208634804,0.236835194,0.281139502,0.2733905,0.631531532,-0.520976577
26125125209,1860.738824,0.001393786,0.495891256,0.166389391,0.018432011,0.015294067,0.312456625,0.547518495,0.379064442,0.073417063,0,0.058731584,0.293708965,0.352435516,0.295123934,0.196193006,0.117046099,0.217712536,0.46904836,0.562313061,-0.352911017
26125125210,2925.855962,0.001042919,0.811979413,0.093082383,0.013927835,0,0.065213293,0.381026156,0.575946078,0.043027766,0,0.15719573,0.310467793,0.211146252,0.321190225,0.211707349,0.217430792,0.280904209,0.28995765,0.605572755,-0.458273529
26125000013,1710.762905,0.005501044,0.606346765,0.041721466,0.200071071,0.065476586,0.059027848,0.555772114,0.33543334,0.108794547,0,0.074463666,0.190956337,0.139030729,0.595549269,0.231177936,0.203977512,0.288867033,0.275977519,0.528023599,-0.290439528
26125125213,2392.97249,0.004914642,0.550318434,0.275053665,0.055709334,0.003094251,0.117500369,0.129239068,0.713334736,0.157426197,0,0.234552725,0.346465199,0.13988586,0.279096216,0.217416778,0.264860988,0.382337591,0.135384642,0.693959732,-0.678656711
26125125212,4291.841726,0.001413013,0.605958326,0.100445932,0.06604748,0.004580258,0.226204419,0.453342986,0.456039101,0.090617913,0,0.122027331,0.336993843,0.251534163,0.289444662,0.14050811,0.191113598,0.261684148,0.406694144,0.660138249,-0.581424539
26125125215,2840.615269,0.001170898,0.518876625,0.005875172,0.037783451,0,0.440314596,0.800445608,0.116239007,0.083315385,0,0.110426772,0.247128308,0.335085938,0.307358982,0.12650137,0.047821705,0.138196203,0.687480723,0.496044304,-0.195698576
26125125219,996.870659,0.002391039,0.807610992,0.046452572,0.032637776,0,0.11329866,0.736285685,0.193295316,0.070418999,0.003341509,0.118328874,0.336918514,0.29595095,0.245460153,0.133345436,0.110703401,0.228482999,0.527468165,0.504469987,-0.202662356
26125125221,2961.775406,0.001806878,0.602381346,0.010917351,0.005973694,7.91E-06,0.380719704,0.780975181,0.158486382,0.060538437,0,0.124668382,0.305703535,0.347117303,0.222510779,0.045951563,0.046622211,0.249980367,0.657445859,0.461680517,-0.105310711
26125125222,2822.900159,0.001951763,0.642489495,0.060174017,0.006597169,0.001286906,0.290739319,0.786610189,0.121476262,0.091913549,0,0.122100629,0.268220235,0.32562494,0.284054196,0.126133513,0.07505923,0.168769923,0.630037334,0.558394161,-0.32908417
26125125223,2228.669258,0.002310136,0.623343033,0.179437439,0.006142903,0.004203039,0.191076625,0.664536741,0.209797657,0.125665602,0,0.119807345,0.262492474,0.215532812,0.402167369,0.243876464,0.159744409,0.193823216,0.402555911,0.652284264,-0.568372462
26125125224,174.6710315,0.004420254,0.799674267,0.036644951,0.011400651,0,0.138436482,0.766968326,0.160633484,0.07239819,0,0.074492099,0.329571106,0.325056433,0.270880361,0.018099548,0.058823529,0.266968326,0.656108597,0.520408163,-0.221989796
26125125301,2033.854731,0.000523403,0.869959719,0.042061575,0.04496354,0.008906849,0.034108317,0.309537785,0.591103209,0.099359006,0,0.137645272,0.154106948,0.103140145,0.605107635,0.335047281,0.209868658,0.241989518,0.213094544,0.468362688,-0.127288813
26125125408,3397.064956,0.001449942,0.933205088,0,0.049139371,0.002648331,0.017655542,0.416194942,0.469751822,0.114053236,0,0.105134035,0.238027797,0.121338133,0.535500035,0.298118942,0.171722253,0.230640676,0.299518129,0.485395645,-0.164797132
26125125409,2969.352161,0.001462476,0.892129044,0.004506292,0.008977438,0.000351555,0.057649749,0.415694244,0.461579524,0.122726232,0,0.168670794,0.304568236,0.132140158,0.394620812,0.25398036,0.117287464,0.378035398,0.250696777,0.487824038,-0.177605852
26125125410,2919,0.001095299,0.932168551,0,0.003768414,0,0.058239123,0.663734115,0.220918866,0.115347019,0,0.161184211,0.310307018,0.130482456,0.398026316,0.147605083,0.084066471,0.342130987,0.426197458,0.459537572,-0.103859827
26125125411,2585.828499,0.002742893,0.896213162,0.00473404,0.044878437,7.28E-06,0.045659167,0.488071864,0.261135371,0.250792765,0,0.131160202,0.253996491,0.124135208,0.490708099,0.205836615,0.163093404,0.299783363,0.331286618,0.490888383,-0.195716116
26125125420,1578.012413,0.001694028,0.569710005,0.064004965,0.117236231,0.117236034,0.243979066,0.648956331,0.19924143,0.151802239,0,0.093586081,0.290220162,0.275498756,0.340695001,0.077798659,0.237190106,0.130931547,0.554079689,0.545983702,-0.302212165
26125125421,3091.170256,0.001179205,0.777788684,0.054796671,0.013931938,0.002899295,0.150583413,0.697018194,0.24167632,0.061305485,0,0.162348263,0.274204425,0.270727084,0.292720228,0.04262819,0.134224122,0.282636621,0.540511067,0.509103169,-0.220562542
26125125422,2686.056503,0.002272493,0.731494584,0.01117141,0.01063301,0.011057825,0.235818112,0.707619408,0.211278606,0.081101986,0,0.141451885,0.29317844,0.250804172,0.314565504,0.073945359,0.078196988,0.299825274,0.548032379,0.485671192,-0.16057089
26125125423,3708.765602,0.001961464,0.726571917,0.010448878,0.012686994,0.009237473,0.241196039,0.752799019,0.175004813,0.072196168,0,0.113352682,0.292834431,0.302296998,0.291515888,0.067421368,0.06794725,0.268456521,0.596174861,0.526429342,-0.260112729
26125125424,1960.0249,0.001491831,0.725267008,0.017854356,0.014732554,0.004090071,0.238056011,0.832740777,0.130297737,0.036961486,0,0.065883132,0.277277453,0.431607456,0.225231959,0.05243008,0.060077711,0.187132676,0.700359533,0.411037108,0.021102284
26125125425,518.0172312,0.003084233,0.755232871,0.007545221,0.012124651,0.00703652,0.218060737,0.813002007,0.147911979,0.039086014,0,0.072642891,0.273837107,0.462338334,0.191181669,0.064274877,0.068509541,0.14385919,0.723356393,0.455263158,-0.085748026
26125125426,2087.180586,0.001783842,0.692771305,0.026563817,0.034628089,0.015911451,0.230125338,0.76313018,0.112847087,0.124022733,0,0.093380631,0.278380645,0.365213331,0.263025393,0.011684079,0.037062579,0.217087569,0.734165773,0.513157895,-0.219732018
26125125427,2102.298639,0.00155625,0.506524404,0.026230884,0.021281917,0,0.435538033,0.603643373,0.21101256,0.185344067,0,0.111992418,0.288383087,0.356264887,0.243359609,0.189540731,0.082807154,0.252921603,0.474730512,0.60359589,-0.446317209
26125125428,3041.733871,0.00121519,0.765406692,0.019044054,0.021044757,0.001761116,0.185530058,0.652324696,0.295673146,0.052002158,0,0.138984811,0.257574252,0.2777624,0.325678536,0.177062323,0.086009495,0.296253716,0.440674466,0.5,-0.200665717
26125125429,2950.053779,0.001111334,0.744398016,0.055471115,0.017605508,0.027423964,0.148668615,0.787486067,0.129883786,0.082630147,0,0.092177367,0.277406559,0.292276967,0.338139108,0.114399332,0.032678447,0.345204764,0.507717458,0.521961933,-0.248637079
26125125430,2775.534072,0.003676494,0.702148067,0.035991404,0.014039569,0,0.242967634,0.859378696,0.081035421,0.059585883,0.005338904,0.127210126,0.357967579,0.278005389,0.231478002,0.033907937,0.052275826,0.175178502,0.738637735,0.525998493,-0.25257046
26125125431,2008.465928,0.002433899,0.694143773,0.008018375,0.002505742,0,0.293076943,0.840274808,0.097633544,0.062091648,0.011894297,0.145031216,0.258646635,0.270001794,0.314426058,0.08713881,0.079071719,0.219969222,0.613820249,0.524672709,-0.254721551
26125125432,3488,0.001340377,0.79271789,0.023795872,0.022649083,0.002293578,0.158543578,0.781833616,0.175721562,0.042444822,0,0.099340478,0.368095631,0.25721352,0.275350371,0.051782683,0.07385399,0.275891341,0.598471986,0.556485356,-0.331525628
26125125433,2933.80371,0.003372939,0.638269145,0.038982741,0.01475496,0.002419327,0.261936638,0.755687755,0.122680706,0.121631539,0,0.132298632,0.307767818,0.232329767,0.327603782,0.11715832,0.089098261,0.241618193,0.552125226,0.494038748,-0.187135618
26125125434,2824.322533,0.00175782,0.711631006,0.000753842,0.0151451,4.26E-06,0.272447046,0.744440336,0.124010352,0.131549311,0,0.040776746,0.374804281,0.359898085,0.224520888,0.0654768,0.01844341,0.248555565,0.667524226,0.552895753,-0.320144981
26125125435,2095.942197,0.00075551,0.756513501,0.012316438,0.004737091,0.008526765,0.194694458,0.683355886,0.200270636,0.116373478,0,0.079446064,0.284985423,0.234693878,0.400874636,0.075778078,0.127198917,0.174560217,0.622462788,0.55130597,-0.320760494
26125125436,3314.703368,0.001701682,0.553065403,0.023536242,0.002806433,0,0.42056657,0.700115133,0.18870818,0.111176687,0,0.056235373,0.28862447,0.43473492,0.220405236,0.125891323,0.113635542,0.181464676,0.579008458,0.543201133,-0.295201133
26125125437,1801.762327,0.002345016,0.800000033,0.001376151,0.007798233,0.001834876,0.188990703,0.693823971,0.18791067,0.118265358,0,0.091706024,0.344571912,0.428185855,0.135536209,0.028909479,0.052562654,0.266754049,0.651773817,0.489361702,-0.166744912
26125125438,2337.601493,0.003380195,0.806774126,0.024987853,0.032136636,0.004245579,0.119022721,0.671466189,0.218929414,0.109604397,0,0.115264384,0.396676703,0.315594121,0.172464792,0.07085395,0.150523993,0.255316889,0.523305168,0.503237743,-0.201354995
26125125439,2582.915688,0.000837278,0.429591411,0.026397659,0.003451459,0,0.540559471,0.729762736,0.225900898,0.044336366,0,0.06996344,0.269824373,0.387434466,0.272777721,0.08845436,0.097800732,0.184012024,0.629732884,0.499665999,-0.189248163
26125125440,2005.146813,0.001447479,0.766260827,0.06147226,0.009896745,0.029919079,0.132451089,0.691800944,0.212986151,0.095212905,0,0.133011992,0.286813512,0.26546456,0.314709936,0.107888884,0.079520854,0.268487359,0.544102903,0.563146998,-0.35896765
26125125441,3612.891881,0.001875407,0.694051157,0.051806764,0.036328977,0.003713676,0.214099383,0.739421985,0.13556532,0.125012695,0,0.098743329,0.299623153,0.267346187,0.334287331,0.08325028,0.042242268,0.31330235,0.561205102,0.586658725,-0.403474985
26125125442,3812.898412,0.001523311,0.605214408,0.02975136,0.031803178,0.010043139,0.317051572,0.684940002,0.230093125,0.084966873,0,0.123033345,0.285531545,0.297716461,0.29371865,0.105806512,0.081640595,0.215787644,0.596765249,0.55875576,-0.338714862
26125125443,2914.773733,0.004567742,0.860848145,0.018642179,0.009104235,0.00737206,0.095186326,0.586604955,0.34324253,0.070152515,0.002675988,0.114235267,0.269565515,0.09942674,0.51409649,0.110425263,0.24610589,0.383657942,0.259810906,0.49251497,-0.185276385
26125125444,3676.457197,0.001878511,0.656640297,0.050433533,0.014303351,0.005799008,0.261599122,0.349296185,0.549372303,0.101331512,0.001295439,0.124698702,0.237164598,0.152320673,0.484520589,0.358611424,0.130525545,0.301904129,0.208958903,0.565909091,-0.357288636
26125125445,3677.583508,0.001151516,0.661897729,0.0599939,0.053864411,0.005356777,0.212361159,0.352909567,0.478619661,0.168470772,0,0.096551052,0.242382163,0.160727536,0.500339249,0.238924152,0.140439934,0.358339854,0.262296059,0.565756824,-0.366889785
26125125446,4142.574516,0.003465122,0.486209865,0.169468826,0.02910384,0.002954151,0.286138029,0.384080857,0.517735733,0.09818341,0.000858256,0.078841677,0.367594816,0.26425987,0.288445381,0.186044654,0.095013687,0.480570294,0.238371365,0.635565313,-0.526648738
26125125447,4762.364705,0.002133333,0.328940592,0.037180993,0.021955116,0.009754621,0.591543727,0.502358344,0.422254293,0.075387362,0,0.067015296,0.383568508,0.374408777,0.175007419,0.097604934,0.121306204,0.400907589,0.380181273,0.643939394,-0.536608225
26125125448,3198.262687,0.003164488,0.723664069,0.027286649,0.02760389,0.004139479,0.20365903,0.621816851,0.273692665,0.104490484,0,0.098271285,0.389713217,0.345073419,0.166942079,0.066202917,0.1344401,0.301770028,0.497586956,0.535502959,-0.287124852
26125125449,1116.72107,0.002059315,0.554421878,0.076910168,0.009790838,0.009563887,0.346025643,0.218835191,0.661554915,0.119609894,0,0.117627561,0.199307858,0.164293926,0.518770655,0.487634962,0.114495941,0.239212878,0.158656219,0.558510638,-0.343066489
26125125450,1085.995294,0.002588469,0.698908584,0.007508177,0.073883641,0.003601216,0.216098383,0.739700873,0.156779537,0.10351959,0,0.08218613,0.280513949,0.387195477,0.250104444,0.060923733,0.099899123,0.249053315,0.590123829,0.468858131,-0.121354239
26125125452,1849.868981,0.002584004,0.713260248,0.123487858,0.075103941,0.047589466,0.035262539,0.27365768,0.532661114,0.193681206,0,0.170202925,0.184754024,0.094998398,0.550044652,0.372780058,0.224944157,0.293693284,0.108582501,0.545579164,-0.320577279
26125125453,2763.819184,0.001327988,0.859286217,0.036905453,0.012103204,0.001735573,0.077594217,0.303312831,0.577608178,0.119078991,0,0.201098304,0.226859251,0.154228732,0.417813714,0.253553478,0.196502522,0.295107119,0.25483688,0.499013807,-0.210247863
26125125454,1263.489122,0.000625196,0.958545437,0,0,0,0.034462227,0.570852945,0.259578095,0.16956896,0,0.199864616,0.1393109,0.144667675,0.516156808,0.104030421,0.090602018,0.403709895,0.401657665,0.424682396,-0.020519056
26125125455,3865.815685,0.001368103,0.889602272,0.00075459,0.047582955,0.031305091,0.031213412,0.548021084,0.316927608,0.135051308,0,0.141119402,0.186570061,0.107063693,0.565246844,0.145285447,0.182048168,0.383552783,0.289113602,0.45034642,-0.09528623
26125125456,3739.11244,0.001487438,0.819737447,0.048825682,0.040205499,0.033272156,0.036423788,0.502748822,0.341911323,0.155339855,0,0.207614412,0.162402106,0.105942832,0.52404065,0.161924578,0.2174284,0.423375437,0.197271585,0.465220166,-0.12404164
26125125457,3304.852259,0.00169976,0.921198667,0.009888483,0.027596628,0.01840286,0.014440971,0.567237664,0.266398583,0.166363753,0,0.172165911,0.21585942,0.081623287,0.530351382,0.135713847,0.187151442,0.409806496,0.267328215,0.428298279,-0.03609369
26125125458,2788.559791,0.001364612,0.817573526,0.074622222,0.03850231,0.029125652,0.010770429,0.69044731,0.208256819,0.101295871,0,0.122065093,0.242051834,0.176118811,0.459764261,0.066279786,0.125715561,0.342896741,0.465107913,0.447745358,-0.081420027
26125125459,2494.548386,0.001785158,0.881700591,0.009589382,0.037535882,0.003192279,0.03797611,0.460412064,0.348052633,0.191535303,0,0.171516626,0.223837747,0.096198314,0.508447313,0.198259484,0.132023522,0.327680678,0.342036316,0.475524476,-0.151947552
26125125460,3256.585893,0.001235298,0.843202516,0.020536958,0.054070472,0.001349164,0.068155713,0.578284973,0.325483898,0.096231129,0,0.166470615,0.16917534,0.084328865,0.58002518,0.179014367,0.136723462,0.355504223,0.328757947,0.504318937,-0.224304651
26125125461,4218.922734,0.000727427,0.826459362,0.048528173,0.08302452,0.004554467,0.024094562,0.413974249,0.439713614,0.146312137,0,0.210136801,0.143337804,0.062921957,0.583603437,0.294716549,0.222909728,0.27414247,0.208231252,0.443676572,-0.081047858
26125125462,2998.876361,0.002069628,0.876140104,0.023844547,0.061550689,0.009371654,0.032483512,0.517434457,0.330944637,0.151620906,0.003526191,0.154801476,0.23902528,0.070978341,0.531668712,0.131952852,0.146164588,0.409780773,0.312101787,0.463516746,-0.119984599
26125125463,1648.619117,0.001922757,0.847300192,0.126432358,0.017724362,0.000669781,0.00777582,0.471869035,0.426222027,0.101908937,0,0.170631617,0.200613977,0.196981763,0.431772643,0.129721776,0.153278793,0.393391128,0.323608303,0.416248746,-0.01243004
26125125464,3594.41395,0.002133099,0.831457252,0.103415435,0.044796947,0.004643806,0.013491518,0.471012478,0.411975383,0.117012139,0,0.203126945,0.184327101,0.084498951,0.528047003,0.236132229,0.224148638,0.270797638,0.268921495,0.548721493,-0.328369212
26125125465,4175.370314,0.002633808,0.823567738,0.044891648,0.095493345,0.008920733,0.026019194,0.443252377,0.396212554,0.160535069,0,0.198273254,0.217106625,0.069216233,0.515403887,0.180979233,0.203756991,0.354772622,0.260491155,0.484068627,-0.168498162
26125125466,4609.52029,0.002006854,0.814597951,0.056112911,0.098126068,0.008708245,0.009168241,0.401787267,0.424855525,0.173357208,0,0.193388645,0.137914062,0.063837883,0.60485941,0.209777728,0.269939536,0.346779171,0.173503566,0.513647643,-0.246182072
26125125467,4418.905158,0.003048909,0.721315202,0.079936304,0.128449805,0.029877213,0.013448301,0.26843004,0.528175075,0.203394884,0,0.207265854,0.104064956,0.060090749,0.628578441,0.223705147,0.316530972,0.37614693,0.083616951,0.560357675,-0.353745529
26125125468,4647.567785,0.002029806,0.645728513,0.163520737,0.130894624,0.013043409,0.026523784,0.312160251,0.486288452,0.201551297,0,0.156158656,0.167004107,0.045774793,0.631062444,0.376756456,0.212499631,0.230229236,0.180514678,0.584432718,-0.41534746
26125125469,4276.668728,0.0016311,0.881711986,0.046154757,0.028387046,0.006687181,0.023278524,0.509670903,0.330446833,0.159882265,0,0.164101137,0.200786687,0.059026364,0.576085812,0.247064982,0.151267756,0.331463576,0.270203686,0.460693642,-0.113580058
26125125470,4307.916762,0.00107194,0.843618632,0.013374791,0.100271535,0.015111481,0.006963923,0.410123511,0.417263804,0.172612685,0,0.2222711,0.154023624,0.086281045,0.537424231,0.224943247,0.165467717,0.384812845,0.224776191,0.500616523,-0.211528514
26125125471,3429.625904,0.001153308,0.915199823,0.013704119,0.046440489,0.017227064,0.003346427,0.510463923,0.290624146,0.198911931,0,0.170557419,0.257213248,0.102101152,0.470128181,0.165409065,0.21489425,0.323938603,0.295758082,0.508461538,-0.223544231
26125125472,2199.664543,0.002615035,0.87650731,0.019287334,0.026391404,0.001508777,0.05491046,0.502604408,0.337689762,0.15970583,0,0.173015788,0.200612556,0.074242466,0.55212919,0.176483041,0.166562005,0.352852748,0.304102206,0.514965986,-0.246535034
26125125473,3026.46519,0.003310659,0.794430364,0.113752244,0.035872968,0.000958559,0.02281318,0.454624239,0.43357652,0.111799241,0,0.154511919,0.22137505,0.124258504,0.499854526,0.187992728,0.231302045,0.357328985,0.223376242,0.511919699,-0.235832497
26125125474,4047.967798,0.001499184,0.680805181,0.049960242,0.1490776,0.063559544,0.050812033,0.412511635,0.357025386,0.230462979,0,0.133917068,0.15343787,0.088508556,0.624136506,0.310406785,0.166871714,0.306942916,0.215778585,0.507333333,-0.2251225
26125125476,2668.567269,0.00112349,0.882375159,0.047216348,0.036656786,0.013865118,0.024494686,0.715493255,0.209959943,0.074546801,0,0.152055818,0.318237221,0.114146008,0.415560953,0.089159225,0.118176222,0.301202843,0.49146171,0.5151729,-0.238666902
26125125478,3230.986081,0.00201742,0.78874296,0.060253155,0.009854265,0.014168222,0.126432568,0.77589588,0.112576816,0.111527304,0,0.127926901,0.342166442,0.231416515,0.298490142,0.090632477,0.055318239,0.22912494,0.624924344,0.549934297,-0.321263141
26125125479,3143.02434,0.000566075,0.772919703,0.081290104,0.014558637,0.024498667,0.104838326,0.73415854,0.175980096,0.089861363,0,0.11875545,0.363519666,0.220950579,0.296774305,0.089229342,0.137778181,0.189323068,0.583669408,0.548209366,-0.314604855
26125125482,2618.042414,0.001267234,0.877301267,0.025598258,0.033360769,0.011162031,0.052577675,0.727494155,0.161669915,0.11083593,0,0.164969952,0.358254454,0.243462008,0.233313585,0.067317748,0.073728464,0.291637015,0.567316773,0.523248605,-0.2505031
26125125488,2450.254195,0.001733204,0.889327792,0.024073101,0.04357598,0,0.040252223,0.574849538,0.251073173,0.174077289,0,0.152984896,0.305246498,0.197399423,0.344369183,0.130659374,0.107738241,0.356893197,0.404709188,0.463742167,-0.128541182
26125125499,2483.761544,0.00110026,0.894291825,0.055900276,0.00528905,0,0.041213192,0.678107099,0.241301015,0.080591886,0,0.133618406,0.352656839,0.287904655,0.225820101,0.083932968,0.13352224,0.220251328,0.562293464,0.532091097,-0.27657833
26125125500,3088.469468,0.001451482,0.938491534,0,0.035107648,0,0.031600987,0.68306228,0.262802909,0.054134811,0.006178132,0.131243697,0.25,0.167244167,0.445334004,0.153990318,0.125602129,0.184346164,0.53606139,0.438679245,-0.053474057
26125125501,2792.382637,0.000932146,0.965805157,0.007651806,0.012175982,0,0.011875771,0.603896763,0.304200666,0.091902571,0,0.24362422,0.20154688,0.109550115,0.445278786,0.159047605,0.198228945,0.283216632,0.359506818,0.380153739,0.07534137
26125125502,1654.920821,0.000665838,0.971609472,0.007851971,0.020538558,0,0,0.630092368,0.292278167,0.077629465,0,0.193733055,0.294678136,0.147433107,0.364155701,0.082546945,0.074793957,0.274010509,0.568648589,0.36726128,0.108012329
26125125503,2412.931488,0.000143398,0.932677422,0.006007023,0.027593708,0.011675632,0.019121178,0.721765988,0.18499348,0.093240532,0,0.162852978,0.234392309,0.087306957,0.515447756,0.073713391,0.157900639,0.26306769,0.50531828,0.393617021,0.044833967
26125125504,2602.629466,0.000927437,0.904129086,0.039818962,0.024206505,0.003458041,0.020301943,0.644449363,0.277580247,0.077970391,0,0.14523225,0.28140786,0.095193602,0.478166288,0.127368392,0.185251557,0.218040369,0.469339682,0.451048951,-0.085993357
26125125505,2631.245227,0.000586734,0.931076707,0.01227642,0.021499794,0.013764383,0.020734594,0.517426671,0.361992095,0.120581234,0,0.113175441,0.217504268,0.089315659,0.580004632,0.190772617,0.194975365,0.349312387,0.264939632,0.434588385,-0.054547064
26125125506,2102.809458,0.000316114,0.931558935,0,0.032794677,0,0.017585551,0.693363844,0.186498856,0.1201373,0.0082435,0.217501585,0.185161699,0.123018389,0.466074826,0.138443936,0.068649886,0.35583524,0.437070938,0.388284519,0.058880126
26125125507,3529.002362,0.001093591,0.942759999,0.003683761,0.026919821,0.020402363,0,0.503746923,0.216486371,0.279766706,8.70E-09,0.146648117,0.184823185,0.049813787,0.618714902,0.16819308,0.283929852,0.3213989,0.226478169,0.418796992,-0.031513722
26125125508,2748.6493,0.001116029,0.971484571,0.00072763,0.011461246,0.002546707,0.013779848,0.457632446,0.362159764,0.18020779,0,0.174431173,0.154237236,0.048567799,0.622763792,0.19510902,0.147360206,0.392245354,0.26528542,0.482703138,-0.168435438
26125125509,3217.89605,0.000470675,0.972028951,0.019890528,0.008079963,3.72E-08,3.85E-07,0.559991239,0.230024781,0.20998398,0,0.20883387,0.164182339,0.108332452,0.518651339,0.178958085,0.173203337,0.272999202,0.374839377,0.429068755,-0.052372063
26125125510,2813.929583,0.000748075,0.963651997,0.004336754,0.019860338,0.000216764,0.011131706,0.77370467,0.145615124,0.080680206,3.86E-06,0.144544679,0.197973451,0.152208094,0.505269919,0.059173909,0.129923649,0.304763853,0.506138589,0.376992377,0.083180527
26125125511,1553.061268,0.00487514,0.942925036,0,0.025155951,0,0.032523906,0.663840852,0.274284922,0.061874226,0.00071341,0.10973451,0.240019017,0.085522746,0.564010317,0.147343412,0.14195101,0.23666077,0.474044809,0.458797327,-0.108823497
26125125512,3356.001678,0.001676385,0.890643558,0.022348046,0.007747337,0.003873661,0.068831973,0.649415618,0.281302229,0.069282153,0,0.129558125,0.315315316,0.170742191,0.384384369,0.150250421,0.075959953,0.248747946,0.52504168,0.443908323,-0.081895959
26125125513,2854.442547,0.00094985,0.92814785,0.006627175,0.009766305,5.68E-10,0.052668296,0.811240613,0.061505938,0.127253449,0,0.170124476,0.350622394,0.130705391,0.348547739,0.064687208,0.051961887,0.270413565,0.612937339,0.430406852,-0.053710742
26125125514,4384.999728,0.000360663,0.423261112,0.461801599,0.031014825,0.003192702,0.05404789,0.135196372,0.69486405,0.169939579,0,0.138056014,0.206919274,0.100494234,0.554530478,0.403323269,0.356117821,0.200151056,0.040407853,0.72851711,-0.765515399
26125125515,3262.003298,0.002534712,0.728387525,0.066217027,0.034641335,0.029736336,0.144083369,0.48055559,0.454861046,0.064583364,0,0.171580623,0.283374315,0.155610207,0.389434855,0.195138854,0.163194396,0.293750011,0.347916739,0.519044545,-0.255652679
26151151001,663.6081209,1.46E-05,0.987716541,0,0.009974927,0.003817957,0.000177579,0.566889917,0.286841124,0.146268959,0,0.123253703,0.069082882,0.028298562,0.779364853,0.277344286,0.24040669,0.360134211,0.122114812,0.110204082,-0.184367347
26151151003,1114.325015,1.26E-05,0.958614865,0,0.024493243,0.011824324,0.005067568,0.566239316,0.299145299,0.134615385,0,0.146878825,0.069767442,0.019583843,0.76376989,0.38034188,0.222222222,0.337606838,0.05982906,0.104316547,0.030960432
26151151011,953.7581519,1.71E-05,0.909733284,0,0.083975813,0.006290903,0.003145451,0.620847768,0.262458193,0.116694039,0.017748012,0.106199994,0.067845246,0.007151173,0.801055575,0.224397806,0.305076165,0.342652672,0.127873357,0.141843972,0.122875887
26151151012,1231.658613,2.68E-05,0.956844135,0,0.031836988,0.003130162,0.00039309,0.599732067,0.273623223,0.126644709,0,0.101180107,0.08310824,0.03310498,0.782606672,0.290313496,0.262726762,0.278649078,0.168310664,0.150724638,0.341055072
26151151022,483.7041736,1.72E-05,0.930201621,0,0.050806841,0.031409082,0.001460888,0.565686052,0.290089553,0.144224395,0,0.126219482,0.044497616,0.021793725,0.807489177,0.296657268,0.160209861,0.414507382,0.128625489,0.195121951,-0.337478049
26163163030,2899.561517,0.004460656,0.653563055,0.074683478,0.041878538,0.004231533,0.216074628,0.607641864,0.241956811,0.150401325,0.004524126,0.116954682,0.292824531,0.167333328,0.418363334,0.149599648,0.122251422,0.317101154,0.411047775,0.611857708,-0.465209684
26163163031,5254.810034,0.000799091,0.670695693,0.12074281,0.046099345,0.012645694,0.141916092,0.553074558,0.287748983,0.159176459,0,0.172891045,0.220308198,0.127080981,0.479719775,0.154061181,0.230009991,0.306935301,0.308993527,0.584653878,-0.402978732
26163163032,3096.781567,0.00216088,0.605904391,0.234606452,0.015978027,0.010987644,0.092453852,0.373563378,0.424942696,0.201493927,0,0.131054939,0.178735767,0.07178461,0.618424684,0.27425798,0.218370509,0.315825141,0.191546371,0.625730994,-0.510145363
26163163033,2294.297477,0.003159562,0.822459993,0.0612589,0.031985673,0,0.082007232,0.6582436,0.209567518,0.132188882,0,0.178111567,0.281829307,0.156244972,0.383814153,0.075174819,0.115273843,0.481696667,0.327854671,0.529931305,-0.268361138
26163163034,2664.572173,0.004154222,0.602653385,0.125982742,0.007505899,1.43E-08,0.26543314,0.594688525,0.242661746,0.16264973,0,0.117811301,0.258847133,0.186356913,0.436984653,0.096218137,0.137816654,0.296364064,0.469601145,0.634789777,-0.516560594
26163163035,1200.230376,0.005473206,0.533401488,0.069781182,0.036580578,0.001192879,0.356857017,0.772341917,0.160468991,0.067189091,0,0.076561234,0.347884323,0.365681912,0.209872532,0.052184785,0.090671316,0.15003234,0.707111559,0.704866562,-0.694233516
26163163036,2755.000936,0.004339105,0.810023046,0.055331616,0.015093368,0.017188605,0.089119067,0.65708449,0.143615704,0.199299806,0,0.161328838,0.280523403,0.204714745,0.353433014,0.153015764,0.048119837,0.275236713,0.523627686,0.54387292,-0.306208964
26163163037,2048.295296,0.001011334,0.826660035,0.010196469,0.009947774,0,0.153195722,0.792496172,0.097243492,0.110260337,0,0.075384615,0.365384615,0.297692308,0.261538462,0.067381317,0.033690658,0.142419602,0.756508423,0.513212796,-0.225791898
26163163038,3147.48021,0.003816597,0.577905623,0.10683925,0.03814285,0.004719925,0.247312917,0.515512491,0.353605125,0.130882384,0,0.147413915,0.241209156,0.163016706,0.448360223,0.144812732,0.181155361,0.356421783,0.317610124,0.609625668,-0.469584225
26163163039,2463.755799,0.003040713,0.601069892,0.0493098,0.028362977,0.001576067,0.318487198,0.793893234,0.137848709,0.068258057,0,0.074368273,0.324334955,0.387197838,0.214098935,0.042476672,0.067906817,0.150486248,0.739130263,0.640401146,-0.53127543
26163163040,2469.585574,0.000970274,0.842891761,0.057350565,0.010904685,0,0.076736672,0.761138614,0.14480198,0.094059406,0,0.093009119,0.37993921,0.190273556,0.336778116,0.037128713,0.116336634,0.236386139,0.610148515,0.55620438,-0.332209854
26163163042,1802,0.001402107,0.794117647,0.088235294,0.015538291,0,0.095449501,0.453717754,0.330804249,0.215477997,0,0.141253508,0.365762395,0.216089804,0.276894294,0.144157815,0.13353566,0.376327769,0.345978756,0.572438163,-0.373667845
26163163043,2465.702523,0.003683618,0.797351706,0.081296855,0.012010918,0.001216692,0.107819582,0.562396534,0.270809473,0.166793994,0,0.185004231,0.256094542,0.143154613,0.415746613,0.09697233,0.169412046,0.409889417,0.323726207,0.587047939,-0.411418419
26163163044,3215.211113,0.000857779,0.719425023,0.081536504,0.023918992,0.029324834,0.097063155,0.488375181,0.401533616,0.110091204,0,0.161591148,0.301374913,0.165268037,0.371765902,0.193308959,0.191025208,0.308990902,0.30667493,0.602639296,-0.437945748
26163163045,1096.051733,0.00084831,0.697056175,0.055096278,0.011574234,0.033573515,0.196086953,0.471015035,0.353987934,0.174997031,0,0.138219526,0.254028693,0.216460908,0.391290873,0.167899045,0.239339351,0.360948521,0.231813084,0.658301158,-0.607315637
26163163046,1855.303677,0.004987632,0.800212245,0.038228777,0.010694241,0.000891187,0.150130819,0.567719908,0.365319108,0.066960984,0,0.13471789,0.264431717,0.135151263,0.46569913,0.079418527,0.176199324,0.339320042,0.405062106,0.6152513,-0.479014515
26163163047,2151.232481,0.004044575,0.634341374,0.063728081,0.043082321,0.007827351,0.215775516,0.701138503,0.21967845,0.079183047,0,0.106663936,0.330014458,0.23098249,0.332339116,0.11585044,0.110065531,0.324260878,0.449823151,0.571057192,-0.371259532
26163163048,2571,0.002006782,0.661221315,0.046674446,0,0,0.265266433,0.820823245,0.094430993,0.084745763,0,0.143980641,0.323049002,0.212341198,0.320629159,0.049636804,0.090799031,0.280871671,0.578692494,0.630099728,-0.506815956
26163163049,2329,0.001826397,0.899098325,0,0.015886647,0.010734221,0.066122799,0.749329759,0.13538874,0.115281501,0.010897436,0.121153846,0.292307692,0.21474359,0.360897436,0.04155496,0.115281501,0.202412869,0.64075067,0.550724638,-0.318379369
26163163050,1587.239602,0.003443324,0.623948402,0.073671485,0.057794581,0,0.222887261,0.569079264,0.280140555,0.150780181,0,0.116664362,0.250168321,0.26040983,0.372757487,0.102243977,0.169193768,0.232594494,0.49596776,0.623566215,-0.490495308
26163163051,2007,0.001531773,0.779770802,0.030393622,0.013452915,0.021425012,0.149476831,0.725170068,0.175510204,0.099319728,0,0.13583815,0.340317919,0.180635838,0.343208092,0.069387755,0.103401361,0.355102041,0.472108844,0.554437328,-0.327205398
26163163052,2482.522705,0.005215219,0.710748149,0.05830999,0.044039416,0.019658707,0.160414257,0.653713942,0.23945543,0.106830628,0.001923085,0.116216033,0.326778187,0.158896751,0.396185945,0.147065433,0.136324224,0.327590779,0.389019565,0.554776512,-0.333194785
26163163053,1945,0.001499956,0.733676093,0.063239075,0.048329049,0.007197943,0.147557841,0.375,0.504545455,0.120454545,0,0.136664217,0.329169728,0.163115356,0.371050698,0.326136364,0.105681818,0.346590909,0.221590909,0.595573441,-0.429735161
26163163054,2413.41349,0.003412098,0.837317114,0.085741303,0.016776116,0.006482676,0.031477867,0.622979184,0.258363496,0.11865732,0,0.173109986,0.248112837,0.171242051,0.407535126,0.095546942,0.223340982,0.342489979,0.338622097,0.548092869,-0.31408126
26163163055,1980.502515,0.002391446,0.623539687,0.069056854,0.015025652,0.014627793,0.282910809,0.856639349,0.096907898,0.046452753,0,0.085888051,0.370416883,0.321168924,0.222526142,0.037181406,0.081825006,0.149445784,0.731547804,0.572642311,-0.362486194
26163163056,2282.202682,0.002676083,0.678634216,0.022926983,0.029128755,0.002523302,0.231291076,0.810140417,0.162116284,0.027743299,0,0.110338919,0.351261219,0.310587168,0.227812693,0.072290148,0.060195038,0.246111925,0.621402888,0.589359933,-0.407300291
26163163057,2440.983426,0.002193555,0.62188544,0.086613987,0.033001061,0.005854353,0.251195847,0.75589373,0.152445631,0.091660639,0,0.092530732,0.330124434,0.318816664,0.25852817,0.113779458,0.089037185,0.20383733,0.593346028,0.61971831,-0.479975101
26163163058,2556.802149,0.001751591,0.505581955,0.235788956,0.049105025,0.008518678,0.194107796,0.610456257,0.303760601,0.085783142,0,0.075819682,0.31617346,0.208787422,0.399219436,0.089095062,0.100454681,0.294876278,0.515573979,0.701427003,-0.676069704
26163163059,1310.499771,0.005446891,0.414367807,0.337728807,0.048612368,0.023830953,0.171166544,0.423340522,0.380705382,0.195954096,0,0.159518297,0.218757695,0.24590605,0.375817958,0.156976678,0.211002069,0.286748162,0.345273091,0.751399776,-0.798529395
26163163060,3617.81367,0.001946883,0.408955674,0.193446617,0.043032181,0.025698345,0.270186319,0.357107941,0.402812972,0.240079088,0,0.149271652,0.250026411,0.154195113,0.446506824,0.194103692,0.243959094,0.346146409,0.215790805,0.731804586,-0.75417672
26163163061,1322.775181,0.001545286,0.497705217,0.153930607,0.001293874,0.00504611,0.337339204,0.550743245,0.262573268,0.186683487,0,0.110009704,0.396417805,0.185060311,0.308512181,0.108062896,0.168894992,0.271122191,0.451919921,0.706263499,-0.693090443
26163163062,1083.181486,0.004466528,0.467106037,0.424464868,0.030257404,0.002199728,0.029469185,0.270588234,0.497040559,0.232371208,0,0.245348187,0.117276323,0.079550172,0.557825318,0.323584417,0.216948771,0.30508781,0.154379002,0.834205934,-1.009263962
26163163063,1950.039734,0.006918728,0.575582544,0.098813825,0.056862288,0.015359431,0.245843002,0.656338026,0.216409279,0.127252695,0,0.114837018,0.309747791,0.256326031,0.31908916,0.142191586,0.111707007,0.29040755,0.455693858,0.579583613,-0.383154634
26163163064,1889.752725,0.004050699,0.631841006,0.067846565,0.056814712,0.000364682,0.223079799,0.586066193,0.26446345,0.149470357,0,0.113122369,0.256157266,0.273154804,0.357565562,0.096010635,0.160712092,0.223327401,0.519949871,0.660784314,-0.572024755
26163163065,1541.586564,0.00231896,0.581049316,0.042281353,0.022164584,0.000722758,0.352456932,0.802608849,0.145477837,0.051913314,0,0.079377153,0.315976432,0.392052438,0.212593977,0.051161996,0.072292403,0.1588842,0.7176614,0.617795753,-0.47164459
26163163066,1714.392808,0.003172745,0.555226772,0.080068554,0.04371846,0.000589441,0.319316132,0.833071866,0.101639442,0.065288693,0,0.081817674,0.301354403,0.415743541,0.201084381,0.026746901,0.078206285,0.142127405,0.752919409,0.677268475,-0.615335594
26163163067,2324.421707,0.002686074,0.684817814,0.059311741,0.041497976,0.004048583,0.209919028,0.78031746,0.108571429,0.111111111,0,0.060885609,0.336100861,0.383456335,0.219557196,0.015873016,0.046984127,0.128888889,0.808253968,0.609215017,-0.4494407
26163163068,1844.569412,0.008212685,0.684817795,0.059311744,0.041497981,0.004048582,0.209919033,0.780317384,0.10857149,0.111111126,0,0.060885628,0.336100832,0.383456295,0.219557245,0.015873047,0.046984172,0.128888926,0.808253855,0.614111498,-0.466589286
26163163069,1972.701319,0.001050089,0.826660035,0.010196469,0.009947774,0,0.153195722,0.792496172,0.097243492,0.110260337,0,0.075384615,0.365384615,0.297692308,0.261538462,0.067381317,0.033690658,0.142419602,0.756508423,0.56562137,-0.344828688
26163163070,3175.720315,0.00135082,0.626596651,0.068691456,0.058330968,0,0.224382628,0.568869427,0.278264331,0.152866242,0,0.118222411,0.248352116,0.262385711,0.371039762,0.103105096,0.170780255,0.231687898,0.494426752,0.662182362,-0.595356876
26163163792,2661,0.000971636,0.915069523,0.008643367,0.008267569,0.010898159,0.030063886,0.527777778,0.385416667,0.086805556,0,0.100099602,0.357071713,0.285358566,0.25747012,0.169270833,0.130208333,0.173611111,0.526909722,0.532248693,-0.27454939
26163163793,2623.544605,0.000589018,0.746143638,0.02064594,0.028239016,0.002603992,0.199205422,0.812684003,0.088580057,0.09873594,0,0.102663201,0.365187916,0.326233485,0.205915398,0.058461303,0.039925745,0.191631174,0.709981779,0.469453376,-0.121986066
26163163794,725.0850544,0.001114875,0.550244243,0.038729937,0.026517795,0.004884857,0.373691556,0.81627907,0.101162791,0.08255814,0,0.071717172,0.28989899,0.39040404,0.247979798,0.081395349,0.076744186,0.137209302,0.704651163,0.467272727,-0.109535227
26163163795,2420.753994,0.001770681,0.793055556,0.005246914,0.039506173,0,0.162191358,0.862267493,0.083702391,0.054030115,0.008768084,0.070363875,0.35203858,0.405743095,0.163086366,0.034100974,0.024800709,0.128875111,0.812223206,0.470950103,-0.120759057
26163163796,2535.262555,0.001690706,0.793055556,0.005246914,0.039506173,0,0.162191358,0.862267493,0.083702391,0.054030115,0.008768084,0.070363875,0.35203858,0.405743095,0.163086366,0.034100974,0.024800709,0.128875111,0.812223206,0.432668329,-0.029993454
26163163797,2212.987427,0.002479804,0.839883485,0.009578023,0.029018716,0.002385885,0.120946508,0.591799388,0.29788529,0.110315322,0.005559814,0.132518837,0.286698751,0.288053585,0.287169013,0.148350456,0.120295516,0.217058743,0.514295285,0.51242236,-0.21982861
26163163798,2510.5084,0.002796824,0.863130301,0.047106141,0.010520141,0,0.076249182,0.588373753,0.372417366,0.039208881,0,0.12958332,0.360059674,0.281315862,0.229041144,0.125463874,0.107014176,0.304771863,0.462750088,0.454981353,-0.089248135
26163163799,2941.864513,0.002189429,0.844240626,0.046480603,0.018004641,0,0.089538894,0.511210463,0.446316026,0.042473511,0,0.095556903,0.373814508,0.266404063,0.264224526,0.1268641,0.162596983,0.356049902,0.354489015,0.468729852,-0.120618633
26163163800,3075.462866,0.000927207,0.676521361,0.038229221,0.09457035,0.001842337,0.190525623,0.509781096,0.384638601,0.105580303,0,0.156031217,0.331929339,0.238149305,0.273890139,0.16764449,0.136025643,0.317377815,0.378952051,0.517980636,-0.241801176
26163163801,3242.346,0.002494779,0.673159034,0.028272147,0.075850615,0.033926052,0.177380662,0.362943671,0.474582227,0.162474102,0,0.160609412,0.251366012,0.260678787,0.327345789,0.153330243,0.126501109,0.396605443,0.323563205,0.60620155,-0.447232558
26163163802,742.3688506,0.001088918,0.550244243,0.038729937,0.026517795,0.004884857,0.373691556,0.81627907,0.101162791,0.08255814,0,0.071717172,0.28989899,0.39040404,0.247979798,0.081395349,0.076744186,0.137209302,0.704651163,0.600719424,-0.437699191
26163163803,3883,0.000756371,0.605974762,0.002060263,0.082152975,0,0.309812001,0.724960254,0.146263911,0.128775835,0,0.061163388,0.416595381,0.363130881,0.159110351,0.059618442,0.057233704,0.138314785,0.744833068,0.558565154,-0.332963214
26163163804,2103.812821,0.00112339,0.801489003,0.022606351,0.02368502,0.011908867,0.153342554,0.745609831,0.201968732,0.052421437,0,0.1071093,0.335249965,0.357690473,0.199950262,0.092464291,0.097334875,0.261265815,0.548935019,0.479779412,-0.149938419
26163163805,2927.944438,0.004236674,0.90709877,0.026332138,0.014714552,0.002745864,0.050270455,0.47582499,0.476961519,0.047213491,0,0.128119298,0.292281976,0.234155593,0.345443133,0.183374748,0.141764802,0.30401822,0.37084223,0.593569132,-0.421858682
26163163806,1479.241028,0.004553873,0.928225611,0.010231935,0.020415172,0.011593462,0.02953382,0.348459748,0.541528238,0.110012014,0,0.203959514,0.257848511,0.18387024,0.354321735,0.223966112,0.157150285,0.331496685,0.287386918,0.644418872,-0.557611623
26163163807,2445.16428,0.002550364,0.922517934,0.002022912,0.011768943,0.007643087,0.056047124,0.473157557,0.450938284,0.07590416,0,0.107360191,0.345941093,0.303369572,0.243329144,0.108798282,0.184167413,0.197473081,0.509561223,0.561425061,-0.345907402
26163163808,2200.006199,0.002626387,0.972625454,0.008554285,0.016327412,0.006855737,0,0.517352541,0.368545259,0.114102201,0,0.113345467,0.385519922,0.300352235,0.200782376,0.116133592,0.147113883,0.257646361,0.479106165,0.553499598,-0.323407281
26163163809,1978.347118,0.001070823,0.927876989,0.000757375,0.043004539,0,0.028361097,0.529716084,0.381511004,0.088772911,0,0.174323711,0.164760192,0.210203619,0.450712477,0.163485213,0.161418554,0.279924966,0.395171267,0.521238301,-0.24662221
26163163810,1921.050571,0.001643773,0.912517474,0.000976833,0.03444552,2.06E-05,0.052039619,0.445419812,0.482578903,0.072001285,0,0.130865752,0.222707333,0.183704314,0.4627226,0.247020349,0.243734355,0.289090597,0.220154698,0.49594438,-0.191939166
26163163811,2532.798392,0.001316213,0.915766629,0.020737484,0.007689328,0,0.054440354,0.477323826,0.400137388,0.122538786,0,0.159652608,0.29921753,0.144638509,0.396491353,0.17210567,0.2071566,0.289526128,0.331211603,0.563722185,-0.35588267
26163163812,1952.201608,0.002352975,0.925902196,0.017147888,0.02331956,0.004097937,0.022084583,0.376535475,0.485181277,0.138283248,0,0.202365698,0.200856959,0.09640383,0.500373514,0.406826631,0.128424505,0.283417516,0.181331348,0.522309711,-0.25214042
26163163813,2226,0.000977868,0.872416891,0.004043127,0.063342318,0.006738544,0.053459119,0.525862069,0.348060345,0.126077586,0.005903188,0.198347107,0.195395514,0.097402597,0.502951594,0.139008621,0.142241379,0.423491379,0.295258621,0.566972477,-0.368988303
26163163814,2183,0.001289177,0.972056803,0,0,0,0.027943197,0.674285714,0.233142857,0.092571429,0,0.089128967,0.384199865,0.24375422,0.282916948,0.116571429,0.097142857,0.342857143,0.443428571,0.528903654,-0.26667691
26163163815,2498.449064,0.001357743,0.937333084,0.034181954,0,0,0.028484962,0.850711865,0.119048321,0.030239814,0,0.130224259,0.403836393,0.297550854,0.168388494,0.034708797,0.100904147,0.249542324,0.614844732,0.458800264,-0.096720995
26163163816,2254.373896,0.000600366,0.782618111,0.03877574,0.058316355,0.017743286,0.102546508,0.667798727,0.269621395,0.062579878,0.012190732,0.099238613,0.299267693,0.308992706,0.280310256,0.099188486,0.132524036,0.232911884,0.535375594,0.483419307,-0.155371223
26163163817,2412.939006,0.000806728,0.858340829,0.020712213,0.026010529,0.02064455,0.079797092,0.541735964,0.281159148,0.177104888,0,0.157407676,0.260272902,0.212850364,0.369469059,0.165268993,0.170148851,0.302305076,0.36227708,0.498649865,-0.198096985
26163163818,2638.708464,0.00123467,0.828206579,0.003731533,0.052124794,0.003860207,0.113106275,0.753306699,0.184240306,0.062452995,0,0.119983952,0.33591719,0.360531989,0.183566869,0.082955084,0.070514042,0.273982919,0.572547955,0.421379739,-0.004332349
26163163819,2455,0.000654596,0.907535642,0.02688391,0,0,0.065580448,0.84774665,0.126674787,0.025578563,0,0.057532622,0.276986951,0.424673784,0.240806643,0,0.096224117,0.160779537,0.742996346,0.424717691,-0.011036073
26163163820,2041.782851,0.003414918,0.884591785,0.021542133,0.048487053,0.005387449,0.03999158,0.815020612,0.132588221,0.052391167,0,0.112604386,0.236919061,0.439195734,0.21128082,0.026887124,0.092714395,0.275390046,0.605008435,0.486988848,-0.163501115